#1,MrBeast,846,364M,73.24B
#2,T-Series,22.72K,287M,286.03B
#3,Cocomelon - Nursery Rhymes,1.43K,190M,196.34B
#4,SET India,151.57K,182M,174.77B
#5,Vlad and Niki,859,134M,102.55B
#6,✿ Kids Diana Show,1.31K,131M,111.36B
#7,Like Nastya,926,125M,110.03B
#8,Zee Music Company,13.58K,114M,74.59B
#9,Stokes Twins,346,114M,18.66B
#10,PewDiePie,4.81K,110M,29.49B
#11,WWE,82.42K,107M,91.78B
#12,Goldmines,9.9K,103M,29.42B
#13,Sony SAB,96.26K,99.4M,125.8B
#14,BLACKPINK,605,95.9M,37.88B
#15,ChuChu TV Nursery Rhymes & Kids Songs,869,95.1M,53.98B
#16,Zee TV,199.87K,87.9M,100.02B
#17,김프로KIMPRO,2.98K,87.2M,54.95B
#18,5-Minute Crafts,7.5K,81.1M,28.01B
#19,Baby Shark - Pinkfong Kids’ Songs & Stories,3.46K,80.4M,48.48B
#20,Alan Chikin Chow,1.38K,80.1M,51.44B
#21,BANGTANTV,2.7K,79.8M,24.41B
#22,Colors TV,212.14K,78.8M,77.99B
#23,HYBE LABELS,2.3K,76.6M,38.1B
#24,A4,980,75.1M,32.11B
#25,Justin Bieber,249,74.8M,33.98B
#26,T-Series Bhakti Sagar,29.51K,74M,38.27B
#27,ZAMZAM ELECTRONICS TRADING,19.67K,73.9M,35.43B
#28,UR · Cristiano,95,73.8M,795.93M
#29,Tips Official,7.25K,72.8M,44.7B
#30,Toys and Colors,1.45K,72M,87.7B
#31,Shemaroo Filmi Gaane,9.17K,71M,31.58B
#32,Aaj Tak,433.86K,70.1M,37.08B
#33,Infobells - Hindi,750,68.4M,41.04B
#34,El Reino Infantil,1.72K,67.9M,65.39B
#35,KL BRO Biju Rithvik,2.99K,67.8M,59.89B
#36,Canal KondZilla,3.16K,67.6M,39.12B
#37,HAR PAL GEO,159.08K,64.9M,66.94B
#38,Wave Music,20.56K,64.5M,44.59B
#39,Mark Rober,196,64.4M,10.27B
#40,Fede Vigevani,1.47K,64.3M,19.12B
#41,EminemMusic,197,64.1M,32.92B
#42,YRF,4.41K,64M,46.11B
#43,Sony Music India,6.29K,63.9M,33.72B
#44,Movieclips,42.07K,63.5M,64.92B
#45,ARY Digital HD,161.58K,61.2M,61.34B
#46,Dude Perfect,471,60.8M,18.26B
#47,Taylor Swift,285,60.7M,38.42B
#48,Alejo Igoa,1.17K,60.5M,21.49B
#49,LooLoo Kids - Nursery Rhymes and Children's Songs,960,59.8M,36.97B
#50,YOLO AVENTURAS,2.75K,59.7M,21.19B
#51,PANDA BOI,1.17K,58.1M,25.93B
#52,Topper Guild,1.11K,58M,22.08B
#53,Marshmello,514,57.7M,16.55B
#54,Billion Surprise Toys,1.29K,57.7M,12.51B
#55,Shemaroo,13.24K,57.3M,26.02B
#56,Ed Sheeran,553,55.9M,33.76B
#57,Ariana Grande,215,55.6M,28.14B
#58,आचार्य प्रशान्त - Acharya Prashant,12.85K,55.1M,3.44B
#59,Mikecrack,2.08K,54.7M,19.86B
#60,Billie Eilish,144,54.7M,18.33B
#61,SonyMusicIndiaVEVO,3.71K,54.3M,34.58B
#62,ISSEI / いっせい,3.39K,53.8M,38.91B
#63,Jess No Limit,2.96K,53.4M,7.11B
#64,StarPlus,115.29K,53.2M,59.09B
#65,Saregama Music,9.71K,52.9M,25.71B
#66,Anaya Kandhal,2.18K,52.8M,50.45B
#67,JioCinema Kids,7.57K,52.7M,25.71B
#68,JuegaGerman,2.28K,52.6M,16.47B
#69,Zhong,1.9K,52.3M,18.67B
#70,ABS-CBN Entertainment,238.22K,51.6M,56.8B
#71,LUCCAS NETO - LUCCAS TOON,3.11K,51.3M,30.64B
#72,Real fools shorts official,661,51.1M,24.83B
#73,BETER BÖCÜK,1.79K,50.8M,19.25B
#74,ToRung,431,49.8M,27.1B
#75,Alfredo Larin,1.87K,49.5M,43.31B
#76,Bad Bunny,182,49.4M,38.78B
#77,MrBeast 2,130,49.2M,7.29B
#78,shfa2 - شفا,1.89K,48.9M,31.67B
#79,shfa,1.22K,48.9M,29.11B
#80,Ishtar Music,4.8K,48.6M,22.15B
#81,Fernanfloo,549,48.4M,10.78B
#82,Ricis Official,5.07K,48.3M,8.27B
#83,Dushyant kukreja,1.38K,47.8M,31.25B
#84,Shakira,363,47.7M,32.24B
#85,Badabun,24.42K,47.6M,19.94B
#86,Maria Clara & JP,944,47.2M,30.99B
#87,Felipe Neto,5.38K,47.1M,18.38B
#88,ABP NEWS,448.9K,47M,20.53B
#89,HUM TV,170.84K,46.9M,40.92B
#90,MrBeast Gaming,142,46.7M,8.57B
#91,Kimberly Loaiza,314,46.6M,7.01B
#92,Alan Walker,731,46.5M,15.15B
#93,Bispo Bruno Leonardo,7.21K,46.5M,7.41B
#94,Você Sabia?,1.73K,46.2M,8.25B
#95,Speed Records,12.06K,46.1M,31.3B
#96,Katy Perry,172,45.8M,27.89B
#97,IndiaTV,344.09K,45.7M,24.35B
#98,Sony PAL,31.14K,45.5M,35.29B
#99,Shorts Break,732,45.5M,33.51B
#100,T-Series Bollywood Classics,2.19K,45.5M,31.07B
#101,PowerKids TV,8.68K,45.5M,24.45B
#102,Goldmines Gaane Sune Ansune,4.04K,45.4M,21.06B
#103,DaFuq!?Boom!,305,45.1M,18.39B
#104,Juan De Dios Pantoja,436,45.1M,6.07B
#105,Genevieve's Playhouse - Learning Videos for Kids,660,45M,34.77B
#106,CarryMinati,204,45M,4.14B
#107,whinderssonnunes,908,44.8M,4.62B
#108,BRIGHT SIDE,9.35K,44.7M,11.44B
#109,AboFlah,761,44.7M,6.93B
#110,Techno Gamerz,1.1K,44.6M,13.29B
#111,MR. INDIAN HACKER,1.07K,44.6M,7.8B
#112,Like Nastya Show,785,44.3M,21.34B
#113,Total Gaming,528,44.3M,4.72B
#114,Rihanna,88,44.2M,25.84B
#115,Luisito Comunica,1.41K,44.1M,10.47B
#116,HolaSoyGerman.,136,44.1M,4.93B
#117,Dangal TV Channel,40.11K,43.9M,31.68B
#118,Celine Dept,1.28K,43.9M,30.27B
#119,Super Simple Songs - Kids Songs,828,43.7M,55.02B
#120,Ultra Bollywood,9.95K,43.3M,17.02B
#121,Jingle Toons,268,43.2M,14.4B
#122,Priyal Kukreja,1.26K,42.9M,27.66B
#123,La Granja de Zenón,912,42.7M,34.55B
#124,YouTube,902,42.6M,2.54B
#125,TEDx Talks,230.11K,42.5M,8.25B
#126,WorkpointOfficial,96.53K,42.4M,40.47B
#127,ช่อง one31,165.87K,42.3M,30.88B
#128,TheDonato,3.76K,42.3M,8.1B
#129,Zach King,758,42.1M,19.9B
#130,Akshay Nagwadiya,1.13K,42.1M,13.47B
#131,GR6 EXPLODE,3.33K,42M,28.99B
#132,Enaldinho,4.78K,41.8M,19.28B
#133,Frost Diamond,3.73K,41.7M,10.76B
#134,XXXTENTACION,135,41.5M,11.53B
#135,Little Baby Bum - Nursery Rhymes & Kids Songs,2.9K,41.4M,41.74B
#136,Jason Derulo,4.76K,40.9M,23.75B
#137,BeatboxJCOP,1.18K,40.8M,19.17B
#138,LankyBox,10.48K,40.7M,38.61B
#139,Bruno Mars,103,40.6M,22.58B
#140,elrubiusOMG,710,40.6M,7.55B
#141,LeoNata Family,4.13K,40.4M,42.76B
#142,Masha y el Oso,1.71K,40.4M,20.8B
#143,Heroindori,791,40.3M,15.28B
#144,Karla Bustillos,1.38K,40.3M,10.87B
#145,Gulshan Kalra,791,40.1M,18.09B
#146,BabyBus - Kids Songs and Cartoons,2.67K,40M,31.08B
#147,★ Kids Roma Show,765,40M,16.64B
#148,Daddy Yankee,579,39.7M,25.89B
#149,WowKidz,11.77K,39.5M,22.29B
#150,One Direction,157,39.4M,15.24B
#151,Zee News,210.73K,39.3M,25.72B
#152,KAROL G,162,39M,27.85B
#153,Ryan's World,3.15K,38.8M,59.8B
#154,unknown boy varun,890,38.8M,16.52B
#155,dednahype,3.91K,38.7M,34.12B
#156,Peppa Pig - Official Channel,8.22K,38.6M,28.48B
#157,Marta and Rustam,1.4K,38.5M,32.75B
#158,T-Series Apna Punjab,8.99K,38.5M,25.66B
#159,Jkk Entertainment,249,38.4M,17.3B
#160,TheEllenShow,17.69K,38.3M,23.53B
#161,Rajshri,4.92K,38.3M,18.05B
#162,Junya.じゅんや,9.01K,38.2M,23.37B
#163,Spider Slack,1.41K,38M,22.03B
#164,GMA Network,181.48K,37.8M,32.26B
#165,tuzelity SHUFFLE,1.19K,37.6M,16.28B
#166,Galinha Pintadinha,66,37.5M,36.26B
#167,CVS 3D Rhymes & Kids Songs,338,37.5M,23.29B
#168,Maroon 5,185,37.4M,25.35B
#169,MaviGadget,6.32K,37.3M,33.11B
#170,The Weeknd,194,37.3M,30.68B
#171,Ozuna,256,37.3M,26.24B
#172,Markiplier,5.7K,37.3M,22.29B
#173,Brent Rivera,748,37.3M,10.25B
#174,mujjuu___14,1.24K,37M,21.2B
#175,Worldwide Records Bhojpuri,7.56K,36.8M,19.57B
#176,DisneyMusicVEVO,2.69K,36.7M,34.99B
#177,Ian Lucas,504,36.7M,4.29B
#178,Lucas and Marcus,2.14K,36.6M,15.61B
#179,Willie Salim,1.35K,36.5M,6.94B
#180,NichLmao,1.23K,36.3M,18.45B
#181,Tilak,11.97K,36.3M,14.51B
#182,IShowSpeed,1.53K,36.2M,3.58B
#183,Geet MP3,788,36M,14.43B
#184,That Little Puff,1.05K,35.8M,30.34B
#185,Sagawa /さがわ,9.3K,35.8M,28.54B
#186,Ch3Thailand,85.3K,35.8M,24.32B
#187,व्लाद और निकिता,685,35.8M,20.4B
#188,Aditya Movies,9.41K,35.8M,14.37B
#189,Hamster Kombat,268,35.8M,1.28B
#190,Shemaroo Movies,3.68K,35.6M,9.87B
#191,Ben Azelart,357,35.6M,8.38B
#192,Mr DegrEE,1.9K,35.5M,31.26B
#193,Sujal Thakral,710,35.5M,6.83B
#194,Beast Reacts,238,35.4M,6.56B
#195,Kids Channel India - Hindi Rhymes and Baby Songs,1.64K,35.3M,14.45B
#196,Pokémon Asia Official (Hindi),434,35.3M,2.27B
#197,Round2hell,69,35.1M,3.61B
#198,Selena Gomez,197,35M,14.72B
#199,SSSniperWolf,3.75K,34.9M,25.9B
#200,Filmy Suraj Actor,469,34.9M,18.41B
#201,Eros Now Music,9.73K,34.8M,18.69B
#202,J Balvin,273,34.7M,25.24B
#203,infobells - Telugu,678,34.6M,19.64B
#204,Daniel LaBelle,373,34.5M,20.74B
#205,Tsuriki Show,4.78K,34.4M,42.72B
#206,Mr Bean,3.81K,34.4M,11.67B
#207,Aditya Music,26.17K,34.3M,32.89B
#208,Ishaan Ali 11,1.57K,34.3M,20.41B
#209,Goldmines Dishoom,5.22K,34.3M,9.72B
#210,VEGETTA777,8.29K,34.2M,16.04B
#211,KHANDESHI MOVIES,246,34.2M,11.94B
#212,BEN EAGLE,6.62K,34M,18.33B
#213,Desi Music Factory,299,34M,10.92B
#214,NoCopyrightSounds,1.92K,33.9M,11.6B
#215,Goldmines Bollywood,5.73K,33.9M,10.92B
#216,Danny Fitt,2.95K,33.8M,15.25B
#217,rezendeevil,12.44K,33.8M,13.74B
#218,infobells - Tamil,725,33.7M,21.42B
#219,Chotanawab,2.46K,33.7M,15.99B
#220,D Billions,1.55K,33.5M,43.99B
#221,Little Angel: Nursery Rhymes & Kids Songs,1.76K,33.4M,25.88B
#222,DONA 도나,176,33.4M,22.85B
#223,SMTOWN,4.52K,32.9M,31.02B
#224,The geeta gurjar,2.72K,32.9M,30.73B
#225,Azhan5star,1.02K,32.9M,13.86B
#226,Indosiar,9.57K,32.9M,6.69B
#227,Yoeslan,1.31K,32.8M,30.23B
#228,Crazy XYZ,1.42K,32.7M,9.73B
#229,Nick Jr.,5.97K,32.6M,25.94B
#230,Bounce Patrol - Kids Songs,410,32.6M,25.07B
#231,The Lallantop,65.42K,32.6M,14.68B
#232,قناة طيور الجنة | toyoraljanahtv,3.4K,32.5M,29.95B
#233,ImagineDragons,210,32.5M,20.29B
#234,YOLO,377,32.5M,2.56B
#235,Michael Jackson,18,32.4M,17.55B
#236,Talking Tom,768,32.4M,16.83B
#237,The Tonight Show Starring Jimmy Fallon,11.78K,32.3M,18.28B
#238,Adele,15,32.2M,16.91B
#239,DUDU e CAROL,3.22K,32.2M,14.4B
#240,Neetu Bisht,3.08K,32.1M,26.31B
#241,Caín Guzmán,4.58K,32.1M,18.08B
#242,Luis Fonsi,407,32.1M,16.27B
#243,GENIAL,9.36K,32M,7.1B
#244,Dream,122,32M,3.25B
#245,BigSchool,7.13K,31.9M,14.03B
#246,Zach Choi ASMR,1.62K,31.8M,11.83B
#247,Bayashi TV,1.45K,31.7M,19.56B
#248,Spinnin' Records,12.7K,31.6M,21.68B
#249,Ultra Records,5.26K,31.6M,18.48B
#250,Sourav Joshi Vlogs,1.95K,31.5M,15.8B
#251,AH,4.51K,31.5M,5.42B
#252,Boram Tube Vlog [보람튜브 브이로그],250,31.4M,14.06B
#253,Ami Rodriguez,724,31.4M,5.58B
#254,JustinBieberVEVO,204,31.3M,28.85B
#255,shfa show India,619,31.2M,20.89B
#256,_vector_,591,31M,22.37B
#257,jacksepticeye,5.23K,30.9M,17.07B
#258,Bobby chourasiya,606,30.7M,16.26B
#259,News18 India,332.64K,30.7M,16.24B
#260,Drake,65,30.6M,19.2B
#261,Kids TV - Nursery Rhymes And Baby Songs,4.41K,30.6M,15.46B
#262,ashish chanchlani vines,159,30.6M,4.94B
#263,Pokémon Kids TV,616,30.6M,2.29B
#264,Maluma,67,30.4M,24.59B
#265,Shawn Mendes,188,30.4M,14.27B
#266,JYP Entertainment,2.28K,30.3M,24.03B
#267,Trap Nation,2.95K,30.3M,14.74B
#268,Mariano Razo,939,30.2M,17B
#269,toycantando,890,30.1M,18.81B
#270,America's Got Talent,2.19K,30.1M,5.14B
#271,Sierra & Rhia FAM,3.96K,30M,31.8B
#272,Alan Becker,223,30M,7.92B
#273,Justin Flom,1.03K,29.9M,28.71B
#274,Prime Video India,11.57K,29.9M,13.18B
#275,Netflix,7.87K,29.9M,9.3B
#276,ABPLIVE,259.36K,29.8M,10.66B
#277,Kidibli (Kinder Spielzeug Kanal),1.24K,29.7M,15.74B
#278,Preston,4.2K,29.7M,11.48B
#279,ViralHog,52.31K,29.6M,36.81B
#280,Sun TV,119.33K,29.6M,33.24B
#281,Kritika Channel,5.31K,29.6M,24.37B
#282,Diana and Roma ARA,744,29.6M,13.62B
#283,Renato Garcia YT,4.79K,29.6M,9.42B
#284,invictor,2.76K,29.3M,10.43B
#285,DanTDM,3.74K,29.2M,20.1B
#286,Ultra Movie Parlour,2.19K,29.2M,6.27B
#287,Soy Suco,979,29.2M,5.49B
#288,Vania Mania Kids,1.48K,29.1M,15.05B
#289,Wiz Khalifa,785,29.1M,14.85B
#290,AuronPlay,402,29.1M,4.21B
#291,WB Kids,2.45K,29M,13.38B
#292,Rafa & Luiz,4.02K,29M,10.63B
#293,Saito,7.01K,28.9M,24.39B
#294,Raffy Tulfo in Action,12.1K,28.9M,17.17B
#295,The Royalty Family,806,28.8M,9.68B
#296,Pen Movies,1.79K,28.8M,8.71B
#297,Taarak Mehta Ka Ooltah Chashmah,15.15K,28.7M,26.15B
#298,Diana and Roma HIN,732,28.7M,13.14B
#299,Chapitosiki,4.59K,28.6M,28.07B
#300,jaanvi patel,762,28.5M,12.77B
#301,Vlad and Niki ESP,713,28.5M,11.83B
#302,ZHC,310,28.5M,3.6B
#303,Sandeep Maheshwari,636,28.5M,2.44B
#304,Natan por Aí,1.77K,28.4M,17.74B
#305,Susy Mouriz,2K,28.4M,12.54B
#306,Peppa Pig Español Latino - Canal Oficial,1.84K,28.4M,10.46B
#307,Aja Kitchen,2.34K,28.3M,18.12B
#308,Bebefinn - Nursery Rhymes & Kids Songs,708,28.3M,14.51B
#309,The Late Late Show with James Corden,5.79K,28.3M,10.27B
#310,Goldmines Movies,6.08K,28.3M,6.73B
#311,BigChungus,811,28.3M,5.08B
#312,Jordan Matter,505,28.2M,10.19B
#313,ILYA BORZOV,3.18K,28.1M,18.32B
#314,Diana and Roma EN,664,28.1M,9.67B
#315,Anuel AA,174,27.9M,19.43B
#316,Chris Brown,65,27.9M,18.84B
#317,Post Malone,149,27.9M,18.04B
#318,LIV Crime,18.23K,27.9M,14.69B
#319,Beyoncé,263,27.8M,20.13B
#320,enchufetv,2.23K,27.7M,10.9B
#321,SMOL,6.61K,27.6M,27.83B
#322,Filaretiki,4.37K,27.6M,27.71B
#323,Village Cooking Channel,238,27.6M,8.15B
#324,Disney Jr. Latinoamérica,5.28K,27.5M,13.6B
#325,toyorbabytv,1.38K,27.4M,20.89B
#326,Coldplay,530,27.4M,20.67B
#327,CuRe 구래,487,27.4M,18.34B
#328,ToyPuddingTV,2.42K,27.4M,16.47B
#329,ZappyToons - Hindi Nursery Rhymes and Stories,683,27.4M,13.75B
#330,Nicki Minaj,72,27.4M,11.83B
#331,Beast Philanthropy,63,27.4M,1.07B
#332,FaZe Rug,2.41K,27.3M,9.52B
#333,WORLDSTARHIPHOP,7.25K,27.2M,21.59B
#334,Valentina Pontes ofc,3.5K,27.2M,10.87B
#335,Dhruv Rathee,669,27.2M,3.89B
#336,승비니 Seungbini,585,27.1M,20.97B
#337,David Guetta,926,27.1M,20.7B
#338,BabyBus - Canciones Infantiles & Videos para Niños,1.7K,27.1M,16.06B
#339,Yellow Dress Girl,1.18K,27.1M,13.84B
#340,vlogger varun,767,27.1M,10.92B
#341,Koray Zeynep,4.49K,27M,26.77B
#342,Sony AATH,24.02K,27M,20.49B
#343,Dan Rhodes,1.68K,27M,19.13B
#344,TRANS7 OFFICIAL,102.38K,27M,15.29B
#345,Pawan Sahu,2.15K,27M,12.23B
#346,Cacau Haxkar,1.48K,27M,7.95B
#347,Marília Mendonça,242,26.9M,20.73B
#348,Narendra Modi,29.75K,26.9M,6.48B
#349,Vlad and Niki Arabic,724,26.8M,12.71B
#350,Smosh,2K,26.8M,10.99B
#351,Ricky Limon,1.37K,26.8M,10.07B
#352,7clouds,2.95K,26.7M,21.88B
#353,Lady Gaga,217,26.7M,19.7B
#354,Like Nastya PRT,815,26.7M,15.06B
#355,Sidhu Moose Wala,119,26.7M,8.55B
#356,LosPolinesios,1.18K,26.7M,8.28B
#357,Maya and Mary,579,26.7M,7.59B
#358,El Payaso Plim Plim,1.83K,26.6M,32.01B
#359,طارق الحلبي tarik alhalapi,1.65K,26.6M,17.01B
#360,Republic Bharat,233.57K,26.6M,15.62B
#361,Venus Movies,2.05K,26.6M,6.13B
#362,BB Ki Vines,194,26.6M,5.14B
#363,Vijay Television,127.2K,26.5M,49.51B
#364,MrBeast en Español,67,26.5M,3.18B
#365,RABBITWARREN - Baby Nin Nin vs ONIBALL,80,26.5M,456.98M
#366,Younes Zarou,4.08K,26.4M,22.6B
#367,1MILLION Dance Studio,8.27K,26.4M,8.45B
#368,Rans Entertainment,4.59K,26.4M,6.99B
#369,netd müzik,20.48K,26.3M,53.6B
#370,SOMOY TV,230.76K,26.3M,18.39B
#371,Tappu Honey Parmar,2.97K,26.3M,11.72B
#372,Chuster,1.17K,26.2M,5.02B
#373,ANYA KOVA,4.72K,26.1M,23.31B
#374,Tibo InShape,4.82K,26.1M,19.32B
#375,Rubén Tuesta oficial,1.39K,26.1M,16.43B
#376,Netflix India,5.38K,26.1M,11.65B
#377,Goldmines Cineplex,4.81K,26.1M,3.19B
#378,Jamuna TV,167.14K,26M,22.11B
#379,萌萌与舞桐,3.72K,26M,14.86B
#380,La Granja del Borrego,446,26M,5.9B
#381,Sesame Street,3.84K,25.9M,25.71B
#382,VanossGaming,2.04K,25.9M,16.4B
#383,Nick Pro,715,25.9M,10.17B
#384,Mau McMahon,1.05K,25.9M,6.04B
#385,TED,4.99K,25.8M,2.84B
#386,Wave Music Bhojpuri,24.27K,25.7M,14.89B
#387,WatchMojo.com,29.12K,25.6M,17.29B
#388,Jake Fellman,468,25.6M,16.51B
#389,Lucan Pevidor,1.35K,25.6M,12.62B
#390,Eva Bravo Play,394,25.6M,12.47B
#391,Las Ratitas,225,25.6M,10.1B
#392,RKD Studios,1.08K,25.6M,6.75B
#393,Chloe Ting,477,25.6M,3.32B
#394,李子柒 Liziqi,131,25.6M,3.31B
#395,GMA Public Affairs,65.62K,25.5M,16.42B
#396,BabyBus - Cerita & Lagu Anak-anak,1.37K,25.5M,15.58B
#397,TaylorSwiftVEVO,307,25.4M,29.61B
#398,Miss Katy,1.13K,25.3M,16.16B
#399,Wow Kidz Action,6.57K,25.3M,11.3B
#400,Busy Fun Ltd,292,25.3M,10.6B
#401,Jesser,1.45K,25.3M,6.45B
#402,Enrique Iglesias,546,25.1M,20.04B
#403,albert_cancook,800,25.1M,19.46B
#404,deepesh zo,1.1K,25.1M,10.81B
#405,Noman Official,1K,25.1M,8.76B
#406,Rotana,9.26K,25M,25.13B
#407,Tlnovelas,61.17K,25M,19.55B
#408,Goldmines Great Indian Comedy,4.55K,25M,6.63B
#409,KSI,1.27K,25M,6.2B
#410,GMM GRAMMY OFFICIAL,18.35K,24.9M,28.79B
#411,1theK (원더케이),21.02K,24.9M,26.15B
#412,Mister Max,1.18K,24.9M,16.4B
#413,RihannaVEVO,116,24.8M,21.06B
#414,Unbox Therapy,2.33K,24.8M,4.8B
#415,SSundee,3.7K,24.7M,16.19B
#416,Ishtar Punjabi,6.67K,24.6M,12.73B
#417,DJ Snake,326,24.6M,9.58B
#418,Yuya,672,24.6M,2.59B
#419,EminemVEVO,105,24.5M,23.46B
#420,Amit Bhadana,117,24.5M,2.55B
#421,KatyPerryVEVO,184,24.4M,25.37B
#422,Dhar Mann Studios,1.58K,24.4M,17.09B
#423,Nasya Official,944,24.4M,12.33B
#424,What's Idea,294,24.4M,2.53B
#425,FGTeeV,1.86K,24.3M,25.46B
#426,Pragati Verma Shorts,1.2K,24.3M,10.8B
#427,Kiddiestv Hindi - Nursery Rhymes & Kids Songs,314,24.3M,8.77B
#428,NickyJamTV,515,24.2M,16.44B
#429,National Geographic,10.53K,24.2M,6.29B
#430,Miss Karisha,505,24.2M,2.04B
#431,News 24,349.6K,24.1M,13.83B
#432,Deddy Corbuzier,1.84K,24.1M,6.87B
#433,Infinite,1.72K,24.1M,6.05B
#434,Khan GS Research Centre,384,24.1M,2.48B
#435,GH'S,909,24M,18.75B
#436,Sia,296,24M,15.38B
#437,Dua Lipa,308,24M,14.14B
#438,हिंदी - Genevieve's Playhouse,129,24M,13.01B
#439,Collins Key,257,24M,6.98B
#440,James Charles,629,24M,4.55B
#441,Troom Troom,2.87K,23.9M,10.44B
#442,Panda Shorts,1.19K,23.8M,11.97B
#443,Ravi sagar88,2.29K,23.8M,10.15B
#444,Yudist Ardhana,4.72K,23.8M,9.94B
#445,Ninja,2.23K,23.8M,2.73B
#446,boxtoxtv,1.59K,23.7M,18.44B
#447,Kajal Soni,1.3K,23.7M,11.68B
#448,DrossRotzank,1.79K,23.7M,6.62B
#449,Triggered Insaan,343,23.7M,4.38B
#450,Technical Guruji,5.73K,23.7M,3.82B
#451,MSA previously My Story Animated,935,23.6M,11.17B
#452,DeGoBooM,5.57K,23.6M,7.47B
#453,Jomy Production,644,23.6M,6.84B
#454,Logan Paul,725,23.6M,6.04B
#455,Vsauce,598,23.6M,5.54B
#456,Kurzgesagt – In a Nutshell,272,23.6M,3.15B
#457,And TV,56.73K,23.5M,21.15B
#458,Jelly,6.67K,23.5M,15.24B
#459,How Ridiculous,754,23.5M,14.36B
#460,Nick DiGiovanni,565,23.5M,11.23B
#461,MiawAug,4.34K,23.5M,7.38B
#462,Diana Belitskay,4.9K,23.4M,19.78B
#463,Blippi - Educational Videos for Kids,1.27K,23.4M,17.28B
#464,Ajay Sharma,1.32K,23.4M,14.87B
#465,XO TEAM,7.61K,23.3M,19.82B
#466,mmoshaya,1.25K,23.3M,18.6B
#467,Linkin Park,986,23.3M,17.25B
#468,Fabiosa Best Lifehacks,2.49K,23.2M,16.07B
#469,Ninja Kidz TV,338,23.2M,13.16B
#470,Lyrical Lemonade,454,23.2M,12.16B
#471,Jason Vlogs,1.04K,23.1M,14.96B
#472,Zidaan Shahid Aly,4.59K,23.1M,14.27B
#473,Chiku life vlogs,577,23.1M,6.12B
#474,Aphmau,5.23K,23M,25.29B
#475,Linh Nhi Shorts,4.53K,23M,22.11B
#476,TV9 Bharatvarsh,455.86K,23M,16.59B
#477,Emilly Vick,913,23M,11.4B
#478,Masha e o Urso,1.72K,23M,10.69B
#479,شبكة العاب العرب | Arab Games Network,7.53K,23M,10.24B
#480,Paulo Londra,81,23M,9.37B
#481,FIFA,11.74K,23M,7.36B
#482,OFFICIAL SRG,793,23M,2.49B
#483,BROTHERS VLOG,1.66K,22.9M,13.18B
#484,Tayo Bus Kecil - Tayo Bahasa Indonesia,1.46K,22.9M,12.39B
#485,Les' Copaque Production,2.27K,22.9M,12.22B
#486,FACT FIRE KING,1.64K,22.9M,6.01B
#487,Moosa Tv Info,1.39K,22.8M,21.31B
#488,The Chainsmokers,240,22.8M,15.79B
#489,LazarBeam,1.32K,22.8M,9.66B
#490,NBA,64.55K,22.7M,15.15B
#491,Charlie Puth,163,22.7M,11.48B
#492,LOL,1.42K,22.7M,4.07B
#493,Disney Jr.,5.39K,22.6M,22.09B
#494,Tekashi 6ix9ine,67,22.6M,6.75B
#495,The Ludo facts,83,22.6M,1.6B
#496,Happy Monkey,4,22.6M,7.05K
#497,GOLU008,1.39K,22.5M,10.91B
#498,Bizarrap,90,22.5M,10.02B
#499,Romeo Santos,56,22.3M,20.89B
#500,Peet Montzingo,495,22.3M,16.91B